Point_id,Cluster_id
0,4486
1,1
2,2
3,19
4,4
5,5
6,2
7,6
8,8
9,9
10,4486
11,2
12,8
13,13
14,4486
15,8
16,4486
17,17
18,19
19,2
20,19
21,4486
22,4486
23,2
24,13
25,7030
26,7030
27,7030
28,13
29,8
30,13
31,19
32,7030
33,8
34,17
35,13
36,6
37,8
38,7030
39,17
40,7030
41,17
42,4486
43,17
44,17
45,19
46,1
47,4
48,4486
49,2
50,17
51,7030
52,4486
53,4486
54,17
55,7030
56,17
57,0
58,8
59,19
60,1
61,4486
62,1
63,4486
64,19
65,13
66,7030
67,4486
68,4
69,7030
70,4486
71,19
72,7030
73,4486
74,17
75,1
76,19
77,1
78,7030
79,7030
80,17
81,19
82,17
83,4486
84,6
85,7030
86,7030
87,17
88,4486
89,2
90,4486
91,17
92,0
93,4486
94,4486
95,17
96,13
97,8
98,4486
99,2
100,19
101,4486
102,2
103,17
104,4486
105,17
106,8
107,4486
108,1
109,19
110,17
111,19
112,8
113,4486
114,4486
115,0
116,4486
117,7030
118,2
119,7030
120,4486
121,4486
122,13
123,13
124,0
125,2
126,19
127,0
128,13
129,19
130,4486
131,6
132,1
133,4486
134,2
135,2
136,7030
137,6
138,4
139,4486
140,17
141,19
142,0
143,0
144,2
145,19
146,6
147,8
148,4486
149,19
150,19
151,4
152,1
153,1
154,1
155,2
156,4486
157,19
158,17
159,0
160,2
161,17
162,4486
163,8
164,7030
165,7030
166,6
167,0
168,4486
169,1
170,17
171,7030
172,2
173,6
174,8
175,4486
176,8
177,7030
178,2
179,19
180,4486
181,17
182,0
183,19
184,4486
185,4
186,4486
187,17
188,7030
189,17
190,8
191,17
192,4486
193,7030
194,17
195,4486
196,19
197,2
198,4486
199,4486
200,4486
201,2
202,4486
203,2
204,17
205,2
206,4486
207,7030
208,13
209,7030
210,4486
211,6
212,7030
213,19
214,4486
215,1
216,1
217,4
218,6
219,13
220,19
221,2
222,19
223,1
224,2
225,17
226,17
227,4486
228,6
229,19
230,13
231,4
232,7030
233,8
234,2
235,17
236,8
237,13
238,4
239,7030
240,4486
241,4486
242,2
243,13
244,7030
245,13
246,17
247,17
248,1
249,13
250,1
251,19
252,2
253,6
254,6
255,19
256,2
257,4486
258,6
259,4486
260,17
261,17
262,2
263,1
264,4486
265,7030
266,4
267,2
268,4486
269,1
270,7030
271,4486
272,7030
273,1
274,1
275,17
276,7030
277,7030
278,8
279,1
280,7030
281,17
282,13
283,7030
284,17
285,4486
286,17
287,8
288,2
289,4486
290,1
291,4486
292,1
293,19
294,17
295,17
296,4486
297,7030
298,1
299,4486
300,6
301,1
302,7030
303,0
304,6
305,17
306,4486
307,0
308,4486
309,6
310,4486
311,4486
312,2
313,2
314,17
315,2
316,4
317,17
318,4486
319,2
320,19
321,7030
322,6
323,7030
324,4486
325,1
326,6
327,7030
328,7030
329,8
330,1
331,8
332,1
333,1
334,4486
335,17
336,4486
337,17
338,17
339,6
340,17
341,4486
342,7030
343,17
344,2
345,17
346,8
347,2
348,7030
349,2
350,2
351,4486
352,4
353,17
354,1
355,2
356,19
357,17
358,8
359,19
360,2
361,1
362,4486
363,8
364,17
365,7030
366,1
367,7030
368,19
369,17
370,8
371,17
372,17
373,17
374,13
375,6
376,13
377,13
378,4486
379,1
380,17
381,17
382,1
383,4486
384,17
385,2
386,4486
387,4486
388,0
389,4486
390,19
391,4486
392,8
393,2
394,6
395,17
396,4486
397,6
398,19
399,4486
400,4
401,17
402,2
403,2
404,17
405,1
406,0
407,4486
408,4
409,2
410,2
411,19
412,13
413,4486
414,8
415,4486
416,8
417,17
418,6
419,1
420,6
421,2
422,0
423,2
424,2
425,2
426,4486
427,7030
428,17
429,4486
430,7030
431,13
432,8
433,17
434,13
435,7030
436,17
437,0
438,17
439,2
440,17
441,17
442,13
443,1
444,7030
445,0
446,17
447,7030
448,0
449,19
450,17
451,19
452,2
453,2
454,4486
455,4
456,19
457,17
458,1
459,6
460,4486
461,8
462,6
463,8
464,7030
465,17
466,4
467,19
468,4486
469,17
470,4486
471,17
472,7030
473,17
474,17
475,4
476,4486
477,4486
478,17
479,7030
480,19
481,1
482,17
483,17
484,7030
485,17
486,7030
487,1
488,1
489,17
490,8
491,4
492,1
493,2
494,2
495,4486
496,19
497,17
498,8
499,6
500,0
501,4486
502,17
503,7030
504,7030
505,4486
506,4486
507,17
508,4486
509,7030
510,4486
511,6
512,13
513,17
514,7030
515,4
516,17
517,4486
518,4
519,1
520,2
521,0
522,4486
523,13
524,7030
525,4486
526,2
527,6
528,17
529,0
530,1
531,4486
532,4
533,4486
534,13
535,1
536,6
537,6
538,6
539,4486
540,17
541,2
542,4486
543,17
544,7030
545,4486
546,17
547,2
548,1
549,4486
550,8
551,13
552,6
553,4486
554,4486
555,6
556,1
557,19
558,17
559,17
560,19
561,17
562,17
563,17
564,4
565,6
566,4
567,1
568,13
569,17
570,19
571,17
572,8
573,19
574,6
575,8
576,7030
577,2
578,4486
579,7030
580,6
581,8
582,0
583,1
584,17
585,4486
586,2
587,7030
588,7030
589,8
590,4486
591,1
592,7030
593,1
594,13
595,13
596,7030
597,17
598,4486
599,4486
600,4
601,4486
602,4486
603,7030
604,1
605,2
606,8
607,0
608,0
609,17
610,8
611,7030
612,0
613,6
614,0
615,0
616,8
617,2
618,1
619,17
620,17
621,17
622,4486
623,1
624,13
625,1
626,2
627,4486
628,17
629,7030
630,4486
631,6
632,2
633,17
634,4486
635,7030
636,1
637,8
638,7030
639,19
640,2
641,7030
642,6
643,13
644,19
645,2
646,4486
647,4
648,8
649,8
650,13
651,7030
652,7030
653,0
654,7030
655,4486
656,19
657,4486
658,17
659,1
660,7030
661,0
662,13
663,7030
664,19
665,8
666,13
667,17
668,7030
669,4486
670,2
671,2
672,17
673,1
674,7030
675,4
676,8
677,19
678,19
679,19
680,7030
681,2
682,7030
683,4486
684,4
685,2
686,19
687,17
688,1
689,6
690,17
691,0
692,7030
693,17
694,19
695,17
696,4
697,17
698,8
699,17
700,6
701,1
702,4486
703,7030
704,8
705,4
706,1
707,4486
708,8
709,2
710,19
711,13
712,7030
713,4486
714,4486
715,2
716,17
717,2
718,2
719,2
720,7030
721,4
722,4486
723,13
724,4
725,2
726,8
727,13
728,6
729,2
730,2
731,2
732,7030
733,7030
734,4486
735,4486
736,13
737,4486
738,7030
739,7030
740,2
741,0
742,4486
743,0
744,4486
745,4486
746,17
747,1
748,2
749,19
750,4486
751,17
752,17
753,6
754,19
755,19
756,7030
757,2
758,2
759,17
760,17
761,13
762,2
763,4
764,4
765,4486
766,19
767,2
768,4
769,17
770,4
771,17
772,2
773,8
774,7030
775,4486
776,7030
777,2
778,1
779,8
780,17
781,1
782,19
783,6
784,13
785,17
786,17
787,4486
788,17
789,1
790,2
791,17
792,17
793,0
794,1
795,13
796,4486
797,6
798,4486
799,0
800,7030
801,2
802,1
803,1
804,2
805,17
806,4
807,7030
808,2
809,0
810,1
811,4486
812,2
813,4
814,7030
815,13
816,4486
817,4486
818,6
819,4486
820,4486
821,0
822,19
823,4
824,2
825,4486
826,19
827,7030
828,2
829,0
830,6
831,2
832,7030
833,6
834,8
835,19
836,8
837,7030
838,6
839,8
840,4486
841,0
842,19
843,19
844,19
845,7030
846,2
847,4
848,8
849,4
850,19
851,7030
852,4486
853,2
854,1
855,4
856,7030
857,4486
858,17
859,7030
860,13
861,17
862,2
863,17
864,2
865,4486
866,4
867,1
868,19
869,19
870,19
871,6
872,7030
873,4
874,13
875,17
876,8
877,6
878,7030
879,7030
880,7030
881,0
882,1
883,2
884,1
885,7030
886,1
887,19
888,19
889,19
890,13
891,4
892,7030
893,19
894,0
895,17
896,0
897,0
898,19
899,4486
900,4486
901,19
902,6
903,17
904,8
905,2
906,1
907,7030
908,2
909,2
910,4486
911,8
912,4
913,4486
914,4486
915,17
916,19
917,17
918,4486
919,19
920,4486
921,17
922,19
923,1
924,0
925,1
926,13
927,7030
928,19
929,17
930,4486
931,1
932,2
933,7030
934,1
935,6
936,4
937,0
938,7030
939,4486
940,6
941,4486
942,17
943,4486
944,4486
945,4
946,17
947,4486
948,1
949,7030
950,8
951,4486
952,17
953,13
954,6
955,6
956,6
957,4486
958,4486
959,4486
960,7030
961,2
962,2
963,2
964,7030
965,1
966,19
967,4
968,13
969,1
970,4
971,8
972,19
973,1
974,7030
975,6
976,8
977,13
978,4486
979,17
980,17
981,7030
982,4486
983,7030
984,6
985,4486
986,4
987,4
988,4486
989,4486
990,1
991,7030
992,19
993,8
994,4486
995,1
996,7030
997,0
998,1
999,1
1000,1
1001,4
1002,17
1003,1
1004,4486
1005,2
1006,6
1007,17
1008,7030
1009,6
1010,4
1011,4
1012,6
1013,17
1014,0
1015,6
1016,0
1017,2
1018,17
1019,19
1020,19
1021,17
1022,19
1023,1
1024,8
1025,17
1026,2
1027,13
1028,8
1029,7030
1030,7030
1031,1
1032,17
1033,2
1034,1
1035,7030
1036,4486
1037,2
1038,2
1039,7030
1040,17
1041,19
1042,17
1043,2
1044,4486
1045,7030
1046,4
1047,7030
1048,17
1049,19
1050,4486
1051,7030
1052,19
1053,4486
1054,17
1055,4486
1056,0
1057,4486
1058,1
1059,17
1060,7030
1061,13
1062,17
1063,2
1064,1
1065,4486
1066,17
1067,17
1068,8
1069,8
1070,7030
1071,17
1072,19
1073,0
1074,8
1075,7030
1076,7030
1077,4486
1078,8
1079,4486
1080,4486
1081,1
1082,6
1083,1
1084,2
1085,7030
1086,2
1087,17
1088,6
1089,4486
1090,7030
1091,19
1092,19
1093,7030
1094,8
1095,17
1096,17
1097,17
1098,4
1099,4
1100,1
1101,6
1102,17
1103,2
1104,13
1105,17
1106,1
1107,4486
1108,1
1109,1
1110,13
1111,6
1112,8
1113,0
1114,4486
1115,4
1116,17
1117,2
1118,4486
1119,7030
1120,8
1121,7030
1122,13
1123,19
1124,13
1125,8
1126,4486
1127,4486
1128,6
1129,4486
1130,1
1131,4486
1132,7030
1133,4486
1134,0
1135,4486
1136,19
1137,8
1138,4
1139,17
1140,19
1141,6
1142,17
1143,19
1144,7030
1145,19
1146,7030
1147,4486
1148,4486
1149,4
1150,17
1151,7030
1152,2
1153,2
1154,7030
1155,7030
1156,4486
1157,4486
1158,17
1159,19
1160,17
1161,17
1162,4486
1163,4486
1164,2
1165,4486
1166,4486
1167,17
1168,7030
1169,4486
1170,8
1171,17
1172,17
1173,4
1174,7030
1175,7030
1176,4486
1177,13
1178,4486
1179,7030
1180,17
1181,1
1182,7030
1183,0
1184,17
1185,2
1186,2
1187,4486
1188,4486
1189,6
1190,7030
1191,17
1192,13
1193,0
1194,19
1195,4486
1196,4
1197,7030
1198,4486
1199,8
1200,17
1201,17
1202,13
1203,13
1204,2
1205,7030
1206,6
1207,7030
1208,1
1209,6
1210,19
1211,6
1212,0
1213,4486
1214,2
1215,7030
1216,19
1217,6
1218,8
1219,4486
1220,7030
1221,17
1222,2
1223,6
1224,8
1225,13
1226,2
1227,7030
1228,17
1229,2
1230,19
1231,17
1232,4486
1233,1
1234,17
1235,7030
1236,4486
1237,1
1238,4
1239,17
1240,7030
1241,4
1242,1
1243,4486
1244,8
1245,7030
1246,1
1247,8
1248,4486
1249,2
1250,13
1251,19
1252,4
1253,4486
1254,6
1255,13
1256,2
1257,6
1258,13
1259,6
1260,1
1261,17
1262,4
1263,4486
1264,1
1265,1
1266,2
1267,6
1268,19
1269,17
1270,2
1271,19
1272,7030
1273,13
1274,4486
1275,7030
1276,2
1277,7030
1278,19
1279,4486
1280,17
1281,6
1282,4
1283,4
1284,1
1285,19
1286,17
1287,17
1288,6
1289,7030
1290,4486
1291,17
1292,17
1293,4486
1294,2
1295,17
1296,4
1297,1
1298,8
1299,4486
1300,4
1301,4486
1302,4486
1303,19
1304,4486
1305,19
1306,7030
1307,19
1308,4486
1309,4486
1310,17
1311,4486
1312,17
1313,13
1314,7030
1315,1
1316,4486
1317,4486
1318,17
1319,17
1320,19
1321,17
1322,8
1323,4486
1324,8
1325,17
1326,0
1327,19
1328,4486
1329,4486
1330,1
1331,4486
1332,4
1333,6
1334,17
1335,7030
1336,17
1337,8
1338,8
1339,19
1340,2
1341,7030
1342,1
1343,6
1344,17
1345,1
1346,2
1347,4
1348,4486
1349,6
1350,4
1351,4486
1352,4486
1353,6
1354,4
1355,4486
1356,7030
1357,7030
1358,17
1359,2
1360,1
1361,8
1362,8
1363,2
1364,13
1365,8
1366,17
1367,7030
1368,1
1369,17
1370,0
1371,17
1372,2
1373,4
1374,2
1375,4
1376,1
1377,4486
1378,4486
1379,1
1380,2
1381,19
1382,0
1383,2
1384,13
1385,17
1386,4486
1387,7030
1388,4486
1389,17
1390,4486
1391,0
1392,19
1393,2
1394,17
1395,19
1396,4486
1397,19
1398,8
1399,7030
1400,13
1401,17
1402,4486
1403,2
1404,2
1405,17
1406,4486
1407,4486
1408,4486
1409,4486
1410,4486
1411,17
1412,4486
1413,13
1414,2
1415,7030
1416,2
1417,17
1418,0
1419,19
1420,7030
1421,7030
1422,17
1423,19
1424,8
1425,1
1426,4486
1427,2
1428,6
1429,8
1430,17
1431,7030
1432,4486
1433,1
1434,0
1435,17
1436,17
1437,6
1438,13
1439,4
1440,13
1441,17
1442,4
1443,17
1444,2
1445,6
1446,4486
1447,6
1448,7030
1449,2
1450,4486
1451,4
1452,4
1453,17
1454,4486
1455,7030
1456,17
1457,7030
1458,4486
1459,19
1460,6
1461,6
1462,13
1463,19
1464,6
1465,2
1466,19
1467,2
1468,6
1469,8
1470,4486
1471,6
1472,4486
1473,4
1474,13
1475,4486
1476,2
1477,4
1478,8
1479,17
1480,8
1481,4486
1482,13
1483,8
1484,4
1485,17
1486,4
1487,2
1488,6
1489,4
1490,2
1491,13
1492,1
1493,7030
1494,17
1495,4486
1496,7030
1497,2
1498,19
1499,6
1500,19
1501,4486
1502,13
1503,17
1504,7030
1505,17
1506,13
1507,7030
1508,2
1509,4486
1510,2
1511,4486
1512,6
1513,7030
1514,4486
1515,4
1516,17
1517,19
1518,1
1519,4486
1520,1
1521,4
1522,13
1523,8
1524,19
1525,4
1526,7030
1527,13
1528,4
1529,4
1530,2
1531,13
1532,8
1533,0
1534,1
1535,17
1536,2
1537,7030
1538,19
1539,17
1540,6
1541,4
1542,7030
1543,1
1544,1
1545,6
1546,2
1547,8
1548,19
1549,17
1550,4486
1551,8
1552,17
1553,17
1554,4486
1555,19
1556,17
1557,1
1558,17
1559,19
1560,2
1561,4486
1562,6
1563,17
1564,4486
1565,17
1566,13
1567,17
1568,8
1569,1
1570,4486
1571,4486
1572,2
1573,17
1574,0
1575,19
1576,7030
1577,4486
1578,19
1579,7030
1580,8
1581,4
1582,19
1583,4486
1584,13
1585,17
1586,2
1587,8
1588,4486
1589,2
1590,0
1591,2
1592,13
1593,4486
1594,19
1595,17
1596,17
1597,4486
1598,7030
1599,4
1600,4
1601,8
1602,7030
1603,4486
1604,2
1605,4486
1606,8
1607,17
1608,17
1609,4
1610,2
1611,6
1612,13
1613,17
1614,19
1615,7030
1616,19
1617,1
1618,7030
1619,7030
1620,17
1621,7030
1622,4
1623,7030
1624,2
1625,1
1626,6
1627,19
1628,4486
1629,4
1630,2
1631,4
1632,17
1633,4486
1634,7030
1635,6
1636,2
1637,4486
1638,4486
1639,2
1640,6
1641,1
1642,4486
1643,2
1644,13
1645,1
1646,0
1647,1
1648,17
1649,1
1650,1
1651,17
1652,17
1653,4
1654,7030
1655,4
1656,8
1657,17
1658,6
1659,4486
1660,13
1661,17
1662,6
1663,4486
1664,2
1665,4486
1666,2
1667,17
1668,0
1669,13
1670,1
1671,19
1672,1
1673,1
1674,4
1675,7030
1676,7030
1677,19
1678,2
1679,1
1680,7030
1681,8
1682,7030
1683,4486
1684,17
1685,7030
1686,8
1687,7030
1688,13
1689,1
1690,19
1691,2
1692,4486
1693,8
1694,13
1695,13
1696,6
1697,6
1698,8
1699,6
1700,4486
1701,13
1702,4486
1703,1
1704,7030
1705,2
1706,4486
1707,8
1708,17
1709,4486
1710,2
1711,7030
1712,7030
1713,4486
1714,8
1715,17
1716,8
1717,4486
1718,4486
1719,7030
1720,4486
1721,17
1722,17
1723,19
1724,4
1725,7030
1726,13
1727,4486
1728,19
1729,0
1730,4486
1731,2
1732,7030
1733,13
1734,6
1735,1
1736,19
1737,2
1738,7030
1739,2
1740,7030
1741,6
1742,4486
1743,19
1744,2
1745,17
1746,19
1747,2
1748,7030
1749,0
1750,8
1751,13
1752,17
1753,7030
1754,1
1755,8
1756,6
1757,2
1758,7030
1759,8
1760,6
1761,13
1762,1
1763,4486
1764,19
1765,2
1766,7030
1767,1
1768,0
1769,6
1770,2
1771,0
1772,7030
1773,13
1774,4486
1775,19
1776,7030
1777,0
1778,1
1779,4486
1780,1
1781,0
1782,8
1783,4
1784,7030
1785,19
1786,19
1787,17
1788,8
1789,4486
1790,4
1791,17
1792,7030
1793,7030
1794,2
1795,2
1796,2
1797,4486
1798,17
1799,7030
1800,4486
1801,4486
1802,13
1803,17
1804,1
1805,2
1806,4486
1807,4486
1808,8
1809,4
1810,17
1811,2
1812,4486
1813,4486
1814,4486
1815,4486
1816,17
1817,4
1818,0
1819,4486
1820,4486
1821,13
1822,1
1823,4
1824,2
1825,4486
1826,4
1827,7030
1828,0
1829,4486
1830,4486
1831,2
1832,1
1833,8
1834,17
1835,2
1836,19
1837,1
1838,2
1839,19
1840,7030
1841,17
1842,6
1843,4
1844,19
1845,1
1846,4486
1847,19
1848,17
1849,19
1850,2
1851,17
1852,17
1853,6
1854,6
1855,17
1856,2
1857,17
1858,8
1859,0
1860,4486
1861,1
1862,1
1863,4486
1864,4
1865,4486
1866,4
1867,4486
1868,7030
1869,2
1870,17
1871,4
1872,8
1873,6
1874,1
1875,17
1876,19
1877,0
1878,4
1879,1
1880,19
1881,4486
1882,2
1883,4486
1884,2
1885,19
1886,2
1887,0
1888,7030
1889,4486
1890,0
1891,13
1892,6
1893,4486
1894,2
1895,0
1896,4486
1897,17
1898,4486
1899,1
1900,17
1901,2
1902,4486
1903,0
1904,4
1905,6
1906,17
1907,4
1908,1
1909,4486
1910,4
1911,1
1912,4486
1913,4486
1914,6
1915,4486
1916,2
1917,4
1918,8
1919,4
1920,2
1921,17
1922,7030
1923,2
1924,2
1925,13
1926,13
1927,1
1928,17
1929,17
1930,7030
1931,17
1932,1
1933,19
1934,1
1935,17
1936,8
1937,2
1938,4486
1939,19
1940,4486
1941,4486
1942,1
1943,4486
1944,7030
1945,4486
1946,8
1947,6
1948,1
1949,4486
1950,7030
1951,8
1952,7030
1953,7030
1954,13
1955,17
1956,2
1957,0
1958,19
1959,0
1960,17
1961,1
1962,1
1963,1
1964,13
1965,2
1966,6
1967,17
1968,1
1969,17
1970,13
1971,4
1972,2
1973,13
1974,7030
1975,2
1976,17
1977,1
1978,17
1979,17
1980,0
1981,4486
1982,0
1983,4486
1984,19
1985,13
1986,1
1987,8
1988,4486
1989,4486
1990,0
1991,17
1992,1
1993,2
1994,6
1995,0
1996,8
1997,19
1998,4
1999,7030
2000,17
2001,1
2002,8
2003,2
2004,17
2005,17
2006,4486
2007,1
2008,4486
2009,17
2010,17
2011,19
2012,4486
2013,13
2014,19
2015,17
2016,19
2017,17
2018,4486
2019,6
2020,4486
2021,2
2022,4
2023,6
2024,8
2025,0
2026,19
2027,13
2028,1
2029,4486
2030,17
2031,4486
2032,8
2033,19
2034,17
2035,17
2036,7030
2037,6
2038,2
2039,7030
2040,8
2041,1
2042,19
2043,8
2044,4
2045,4
2046,8
2047,7030
2048,1
2049,6
2050,17
2051,0
2052,7030
2053,7030
2054,6
2055,7030
2056,7030
2057,2
2058,6
2059,13
2060,1
2061,8
2062,6
2063,13
2064,6
2065,6
2066,8
2067,4486
2068,0
2069,1
2070,6
2071,4486
2072,0
2073,4486
2074,2
2075,1
2076,6
2077,19
2078,13
2079,4486
2080,4486
2081,8
2082,0
2083,19
2084,19
2085,4486
2086,7030
2087,13
2088,6
2089,1
2090,4
2091,1
2092,4486
2093,1
2094,1
2095,13
2096,17
2097,7030
2098,1
2099,8
2100,6
2101,17
2102,6
2103,7030
2104,1
2105,13
2106,4486
2107,17
2108,6
2109,4486
2110,13
2111,8
2112,1
2113,4486
2114,0
2115,1
2116,6
2117,1
2118,8
2119,17
2120,19
2121,1
2122,8
2123,4
2124,13
2125,4486
2126,7030
2127,19
2128,7030
2129,19
2130,4486
2131,2
2132,0
2133,19
2134,8
2135,4486
2136,19
2137,2
2138,13
2139,2
2140,2
2141,17
2142,13
2143,7030
2144,1
2145,1
2146,19
2147,7030
2148,6
2149,6
2150,13
2151,19
2152,7030
2153,1
2154,17
2155,0
2156,1
2157,2
2158,1
2159,6
2160,19
2161,0
2162,4
2163,19
2164,2
2165,2
2166,7030
2167,7030
2168,17
2169,19
2170,19
2171,1
2172,13
2173,7030
2174,0
2175,4486
2176,17
2177,1
2178,1
2179,1
2180,6
2181,13
2182,4486
2183,2
2184,7030
2185,2
2186,6
2187,8
2188,6
2189,8
2190,6
2191,7030
2192,8
2193,17
2194,2
2195,4486
2196,6
2197,4486
2198,4486
2199,4486
2200,2
2201,4486
2202,4486
2203,6
2204,0
2205,4486
2206,4486
2207,19
2208,19
2209,2
2210,6
2211,6
2212,0
2213,2
2214,0
2215,8
2216,17
2217,19
2218,4486
2219,7030
2220,19
2221,2
2222,17
2223,0
2224,4486
2225,1
2226,6
2227,4486
2228,0
2229,4486
2230,4486
2231,13
2232,13
2233,6
2234,7030
2235,7030
2236,4486
2237,19
2238,17
2239,4486
2240,1
2241,13
2242,6
2243,6
2244,4486
2245,7030
2246,4486
2247,4486
2248,6
2249,19
2250,8
2251,1
2252,4486
2253,2
2254,17
2255,1
2256,4486
2257,1
2258,4486
2259,1
2260,4486
2261,17
2262,4486
2263,1
2264,19
2265,4486
2266,2
2267,2
2268,19
2269,6
2270,2
2271,8
2272,4
2273,8
2274,19
2275,13
2276,1
2277,1
2278,4
2279,4486
2280,2
2281,19
2282,8
2283,19
2284,17
2285,6
2286,7030
2287,4486
2288,4
2289,19
2290,4
2291,7030
2292,4486
2293,17
2294,4
2295,2
2296,1
2297,17
2298,17
2299,6
2300,6
2301,4486
2302,19
2303,17
2304,7030
2305,17
2306,4486
2307,6
2308,17
2309,17
2310,17
2311,6
2312,7030
2313,17
2314,17
2315,7030
2316,4486
2317,1
2318,13
2319,6
2320,19
2321,19
2322,4486
2323,1
2324,4486
2325,19
2326,4
2327,7030
2328,8
2329,4
2330,19
2331,8
2332,0
2333,4486
2334,1
2335,1
2336,4486
2337,0
2338,1
2339,4486
2340,7030
2341,17
2342,4
2343,6
2344,13
2345,2
2346,17
2347,4486
2348,1
2349,19
2350,6
2351,2
2352,13
2353,17
2354,4
2355,2
2356,2
2357,4486
2358,17
2359,1
2360,2
2361,17
2362,4486
2363,17
2364,2
2365,2
2366,17
2367,4486
2368,1
2369,2
2370,2
2371,4486
2372,4486
2373,17
2374,17
2375,2
2376,8
2377,4486
2378,0
2379,17
2380,17
2381,2
2382,17
2383,19
2384,0
2385,17
2386,17
2387,17
2388,13
2389,17
2390,4486
2391,4486
2392,4486
2393,4486
2394,0
2395,4486
2396,17
2397,4486
2398,1
2399,8
2400,13
2401,4486
2402,2
2403,2
2404,4486
2405,19
2406,2
2407,2
2408,1
2409,17
2410,6
2411,2
2412,17
2413,4486
2414,2
2415,4486
2416,19
2417,4486
2418,2
2419,13
2420,2
2421,2
2422,2
2423,19
2424,0
2425,0
2426,4486
2427,4486
2428,17
2429,17
2430,7030
2431,1
2432,1
2433,4486
2434,8
2435,6
2436,4486
2437,4486
2438,4486
2439,4486
2440,17
2441,7030
2442,0
2443,19
2444,17
2445,7030
2446,2
2447,2
2448,2
2449,4486
2450,2
2451,2
2452,6
2453,6
2454,19
2455,17
2456,2
2457,7030
2458,6
2459,4
2460,8
2461,4486
2462,4486
2463,8
2464,4486
2465,4486
2466,4486
2467,1
2468,17
2469,13
2470,4
2471,17
2472,17
2473,4
2474,4486
2475,8
2476,19
2477,1
2478,19
2479,4486
2480,4
2481,1
2482,8
2483,13
2484,4486
2485,7030
2486,17
2487,4
2488,19
2489,4486
2490,17
2491,13
2492,4486
2493,17
2494,17
2495,7030
2496,4486
2497,4
2498,7030
2499,2
2500,4486
2501,7030
2502,17
2503,1
2504,2
2505,13
2506,7030
2507,2
2508,17
2509,13
2510,4486
2511,6
2512,4486
2513,4
2514,4486
2515,13
2516,4486
2517,19
2518,17
2519,19
2520,17
2521,13
2522,2
2523,6
2524,1
2525,2
2526,2
2527,2
2528,8
2529,4486
2530,1
2531,8
2532,7030
2533,7030
2534,19
2535,4486
2536,1
2537,4486
2538,4486
2539,17
2540,17
2541,17
2542,1
2543,2
2544,4486
2545,2
2546,7030
2547,17
2548,7030
2549,17
2550,2
2551,4486
2552,17
2553,4
2554,17
2555,17
2556,17
2557,4486
2558,17
2559,4486
2560,4486
2561,4
2562,4486
2563,0
2564,19
2565,4486
2566,1
2567,4486
2568,0
2569,2
2570,17
2571,6
2572,2
2573,7030
2574,8
2575,17
2576,4486
2577,19
2578,4486
2579,7030
2580,2
2581,4486
2582,13
2583,4486
2584,6
2585,7030
2586,4486
2587,19
2588,19
2589,19
2590,2
2591,19
2592,4486
2593,6
2594,4486
2595,2
2596,2
2597,13
2598,8
2599,2
2600,6
2601,4486
2602,8
2603,1
2604,4486
2605,13
2606,0
2607,8
2608,2
2609,1
2610,19
2611,4486
2612,19
2613,4
2614,0
2615,1
2616,2
2617,1
2618,6
2619,8
2620,8
2621,8
2622,0
2623,7030
2624,17
2625,19
2626,4486
2627,2
2628,2
2629,7030
2630,8
2631,4486
2632,6
2633,17
2634,4
2635,8
2636,17
2637,0
2638,17
2639,4486
2640,8
2641,2
2642,2
2643,4486
2644,2
2645,19
2646,1
2647,2
2648,17
2649,7030
2650,2
2651,13
2652,2
2653,17
2654,13
2655,6
2656,8
2657,6
2658,4486
2659,13
2660,6
2661,6
2662,4486
2663,4486
2664,4486
2665,7030
2666,17
2667,6
2668,17
2669,4486
2670,1
2671,8
2672,4
2673,2
2674,0
2675,2
2676,6
2677,19
2678,7030
2679,8
2680,6
2681,4486
2682,2
2683,6
2684,4486
2685,7030
2686,17
2687,0
2688,17
2689,6
2690,2
2691,4486
2692,7030
2693,7030
2694,4486
2695,4486
2696,4486
2697,17
2698,1
2699,17
2700,17
2701,4486
2702,17
2703,8
2704,6
2705,1
2706,17
2707,0
2708,19
2709,19
2710,4486
2711,17
2712,0
2713,6
2714,8
2715,4486
2716,0
2717,2
2718,4486
2719,4486
2720,1
2721,6
2722,2
2723,13
2724,4486
2725,13
2726,4
2727,4486
2728,4486
2729,17
2730,7030
2731,4486
2732,19
2733,19
2734,1
2735,4486
2736,6
2737,2
2738,4
2739,1
2740,4
2741,2
2742,6
2743,13
2744,4
2745,2
2746,2
2747,0
2748,7030
2749,7030
2750,17
2751,8
2752,6
2753,2
2754,17
2755,4486
2756,7030
2757,4
2758,6
2759,4486
2760,1
2761,7030
2762,4486
2763,7030
2764,2
2765,17
2766,8
2767,4486
2768,13
2769,4
2770,4486
2771,19
2772,7030
2773,7030
2774,4486
2775,4486
2776,1
2777,6
2778,4
2779,8
2780,19
2781,19
2782,19
2783,13
2784,6
2785,1
2786,13
2787,2
2788,7030
2789,4486
2790,2
2791,19
2792,4
2793,1
2794,1
2795,7030
2796,17
2797,2
2798,4486
2799,1
2800,6
2801,17
2802,1
2803,13
2804,2
2805,17
2806,2
2807,1
2808,4486
2809,19
2810,1
2811,7030
2812,6
2813,13
2814,4
2815,4486
2816,13
2817,7030
2818,4486
2819,19
2820,13
2821,13
2822,19
2823,19
2824,2
2825,1
2826,1
2827,19
2828,2
2829,7030
2830,4
2831,4486
2832,1
2833,1
2834,13
2835,13
2836,17
2837,1
2838,7030
2839,13
2840,8
2841,4
2842,4
2843,4486
2844,0
2845,4486
2846,19
2847,19
2848,4486
2849,19
2850,8
2851,6
2852,19
2853,17
2854,2
2855,8
2856,17
2857,4
2858,4
2859,19
2860,4
2861,0
2862,6
2863,4486
2864,17
2865,19
2866,8
2867,8
2868,4486
2869,4486
2870,8
2871,6
2872,19
2873,6
2874,17
2875,2
2876,4486
2877,7030
2878,19
2879,2
2880,6
2881,4486
2882,4
2883,19
2884,4486
2885,4
2886,13
2887,4486
2888,4486
2889,2
2890,6
2891,17
2892,2
2893,0
2894,0
2895,1
2896,17
2897,2
2898,4
2899,19
2900,19
2901,6
2902,17
2903,2
2904,1
2905,2
2906,17
2907,6
2908,17
2909,17
2910,4486
2911,2
2912,4486
2913,0
2914,2
2915,8
2916,6
2917,1
2918,19
2919,1
2920,13
2921,6
2922,4486
2923,19
2924,1
2925,4
2926,6
2927,17
2928,7030
2929,1
2930,8
2931,17
2932,6
2933,13
2934,8
2935,0
2936,4
2937,2
2938,2
2939,4486
2940,6
2941,19
2942,1
2943,19
2944,6
2945,7030
2946,2
2947,1
2948,8
2949,13
2950,2
2951,7030
2952,0
2953,19
2954,1
2955,17
2956,2
2957,1
2958,13
2959,17
2960,17
2961,6
2962,2
2963,4486
2964,17
2965,2
2966,4486
2967,4
2968,4486
2969,7030
2970,7030
2971,4486
2972,2
2973,13
2974,1
2975,13
2976,4486
2977,17
2978,0
2979,4
2980,1
2981,8
2982,2
2983,19
2984,2
2985,4486
2986,19
2987,4486
2988,1
2989,4
2990,2
2991,19
2992,13
2993,1
2994,2
2995,4
2996,17
2997,1
2998,17
2999,2
3000,13
3001,2
3002,13
3003,1
3004,4
3005,8
3006,1
3007,1
3008,4486
3009,0
3010,17
3011,4486
3012,1
3013,13
3014,4486
3015,2
3016,19
3017,4486
3018,4486
3019,1
3020,4486
3021,4486
3022,7030
3023,13
3024,4486
3025,7030
3026,7030
3027,4
3028,17
3029,0
3030,4486
3031,6
3032,17
3033,17
3034,17
3035,4486
3036,6
3037,8
3038,4486
3039,17
3040,6
3041,7030
3042,4486
3043,4486
3044,6
3045,17
3046,7030
3047,4486
3048,4486
3049,17
3050,6
3051,4486
3052,17
3053,1
3054,4486
3055,17
3056,13
3057,19
3058,1
3059,4486
3060,7030
3061,6
3062,7030
3063,4
3064,7030
3065,2
3066,17
3067,2
3068,4486
3069,1
3070,4486
3071,2
3072,8
3073,2
3074,17
3075,6
3076,4486
3077,17
3078,0
3079,4
3080,7030
3081,4486
3082,17
3083,4486
3084,4486
3085,6
3086,2
3087,4486
3088,7030
3089,6
3090,6
3091,4486
3092,19
3093,7030
3094,4486
3095,4486
3096,4486
3097,1
3098,4486
3099,4486
3100,17
3101,4486
3102,8
3103,4486
3104,0
3105,4486
3106,8
3107,7030
3108,4
3109,8
3110,17
3111,17
3112,17
3113,17
3114,13
3115,8
3116,13
3117,4486
3118,8
3119,19
3120,1
3121,17
3122,4486
3123,13
3124,2
3125,4486
3126,6
3127,13
3128,8
3129,13
3130,7030
3131,4486
3132,19
3133,19
3134,1
3135,4
3136,2
3137,8
3138,19
3139,8
3140,4486
3141,4
3142,17
3143,4486
3144,2
3145,17
3146,6
3147,2
3148,17
3149,7030
3150,1
3151,17
3152,4486
3153,19
3154,13
3155,17
3156,8
3157,7030
3158,4486
3159,2
3160,7030
3161,17
3162,19
3163,0
3164,7030
3165,6
3166,6
3167,13
3168,17
3169,17
3170,4486
3171,4486
3172,6
3173,2
3174,1
3175,19
3176,19
3177,7030
3178,13
3179,2
3180,19
3181,2
3182,19
3183,0
3184,1
3185,2
3186,19
3187,6
3188,4
3189,4486
3190,4486
3191,6
3192,7030
3193,7030
3194,7030
3195,19
3196,7030
3197,19
3198,13
3199,13
3200,13
3201,7030
3202,17
3203,7030
3204,7030
3205,17
3206,4486
3207,4486
3208,17
3209,7030
3210,17
3211,4486
3212,6
3213,7030
3214,7030
3215,7030
3216,2
3217,6
3218,1
3219,2
3220,4486
3221,19
3222,8
3223,4
3224,2
3225,1
3226,7030
3227,4486
3228,1
3229,17
3230,7030
3231,8
3232,7030
3233,0
3234,4486
3235,7030
3236,2
3237,17
3238,19
3239,1
3240,13
3241,6
3242,8
3243,17
3244,2
3245,2
3246,4
3247,4486
3248,19
3249,2
3250,7030
3251,17
3252,7030
3253,17
3254,2
3255,8
3256,6
3257,8
3258,6
3259,8
3260,19
3261,2
3262,2
3263,4486
3264,7030
3265,7030
3266,8
3267,4486
3268,4486
3269,4
3270,6
3271,2
3272,1
3273,4
3274,0
3275,4486
3276,17
3277,7030
3278,2
3279,6
3280,0
3281,7030
3282,1
3283,19
3284,7030
3285,17
3286,1
3287,7030
3288,7030
3289,6
3290,19
3291,0
3292,8
3293,4486
3294,19
3295,4486
3296,19
3297,6
3298,6
3299,0
3300,2
3301,7030
3302,7030
3303,19
3304,6
3305,7030
3306,4486
3307,7030
3308,17
3309,19
3310,8
3311,0
3312,4
3313,1
3314,8
3315,17
3316,17
3317,1
3318,4486
3319,7030
3320,1
3321,17
3322,7030
3323,8
3324,4
3325,6
3326,6
3327,2
3328,13
3329,6
3330,4
3331,7030
3332,1
3333,4486
3334,17
3335,17
3336,1
3337,4486
3338,17
3339,13
3340,1
3341,17
3342,1
3343,1
3344,4
3345,8
3346,19
3347,2
3348,2
3349,1
3350,8
3351,1
3352,2
3353,17
3354,6
3355,19
3356,1
3357,2
3358,7030
3359,8
3360,13
3361,4
3362,8
3363,17
3364,2
3365,17
3366,6
3367,2
3368,4486
3369,6
3370,17
3371,4
3372,0
3373,4486
3374,8
3375,1
3376,0
3377,13
3378,4486
3379,19
3380,19
3381,4486
3382,17
3383,2
3384,19
3385,8
3386,7030
3387,17
3388,17
3389,4486
3390,4486
3391,4486
3392,1
3393,4486
3394,6
3395,17
3396,17
3397,4486
3398,6
3399,4486
3400,13
3401,17
3402,4486
3403,17
3404,19
3405,7030
3406,6
3407,17
3408,7030
3409,0
3410,4
3411,4486
3412,8
3413,17
3414,4486
3415,19
3416,4486
3417,19
3418,0
3419,4486
3420,4486
3421,0
3422,1
3423,0
3424,7030
3425,13
3426,1
3427,2
3428,19
3429,4486
3430,2
3431,2
3432,2
3433,6
3434,7030
3435,4
3436,17
3437,2
3438,1
3439,1
3440,19
3441,1
3442,7030
3443,4486
3444,7030
3445,17
3446,6
3447,1
3448,1
3449,2
3450,17
3451,0
3452,4486
3453,7030
3454,19
3455,8
3456,6
3457,4486
3458,2
3459,17
3460,2
3461,1
3462,6
3463,6
3464,4486
3465,2
3466,17
3467,4486
3468,4486
3469,17
3470,2
3471,7030
3472,17
3473,2
3474,0
3475,13
3476,4
3477,19
3478,7030
3479,19
3480,8
3481,1
3482,4486
3483,1
3484,2
3485,17
3486,6
3487,1
3488,7030
3489,2
3490,0
3491,2
3492,19
3493,1
3494,4486
3495,17
3496,1
3497,2
3498,17
3499,2
3500,17
3501,8
3502,0
3503,4486
3504,2
3505,4486
3506,4486
3507,19
3508,17
3509,17
3510,17
3511,0
3512,8
3513,1
3514,1
3515,2
3516,4
3517,2
3518,19
3519,4486
3520,8
3521,1
3522,13
3523,2
3524,8
3525,4486
3526,7030
3527,17
3528,2
3529,8
3530,7030
3531,7030
3532,4
3533,19
3534,8
3535,4
3536,19
3537,1
3538,19
3539,4
3540,8
3541,2
3542,1
3543,8
3544,17
3545,7030
3546,4486
3547,2
3548,2
3549,8
3550,0
3551,4486
3552,4486
3553,4486
3554,19
3555,4486
3556,4486
3557,4486
3558,4486
3559,4
3560,2
3561,4486
3562,4486
3563,2
3564,1
3565,4486
3566,17
3567,4
3568,17
3569,6
3570,4486
3571,17
3572,4486
3573,17
3574,19
3575,19
3576,4486
3577,2
3578,19
3579,4486
3580,4486
3581,0
3582,2
3583,17
3584,4486
3585,4
3586,7030
3587,0
3588,2
3589,4486
3590,0
3591,13
3592,2
3593,1
3594,1
3595,7030
3596,2
3597,7030
3598,7030
3599,8
3600,19
3601,19
3602,17
3603,17
3604,4486
3605,17
3606,13
3607,4486
3608,1
3609,4486
3610,19
3611,4486
3612,6
3613,7030
3614,6
3615,6
3616,6
3617,4486
3618,4
3619,1
3620,4486
3621,4486
3622,19
3623,7030
3624,19
3625,2
3626,7030
3627,4
3628,4486
3629,0
3630,4486
3631,1
3632,1
3633,6
3634,4486
3635,2
3636,7030
3637,2
3638,2
3639,17
3640,4
3641,4486
3642,4486
3643,4
3644,8
3645,4
3646,17
3647,13
3648,17
3649,1
3650,8
3651,17
3652,4
3653,4
3654,8
3655,19
3656,13
3657,7030
3658,17
3659,8
3660,13
3661,13
3662,4486
3663,4486
3664,4486
3665,4
3666,7030
3667,1
3668,8
3669,0
3670,17
3671,19
3672,2
3673,0
3674,1
3675,4486
3676,17
3677,4486
3678,7030
3679,2
3680,17
3681,4486
3682,19
3683,6
3684,17
3685,17
3686,8
3687,4486
3688,13
3689,4486
3690,4486
3691,4486
3692,2
3693,2
3694,4486
3695,7030
3696,4486
3697,7030
3698,4486
3699,4486
3700,19
3701,2
3702,4486
3703,0
3704,19
3705,17
3706,6
3707,8
3708,0
3709,13
3710,7030
3711,2
3712,4486
3713,13
3714,19
3715,19
3716,4486
3717,19
3718,4
3719,4486
3720,8
3721,4486
3722,2
3723,4486
3724,1
3725,2
3726,0
3727,19
3728,4486
3729,0
3730,1
3731,8
3732,4
3733,1
3734,4486
3735,4486
3736,19
3737,0
3738,6
3739,1
3740,8
3741,4
3742,2
3743,17
3744,13
3745,19
3746,4
3747,4486
3748,17
3749,6
3750,2
3751,7030
3752,6
3753,17
3754,4486
3755,4486
3756,13
3757,13
3758,6
3759,4486
3760,17
3761,19
3762,19
3763,6
3764,6
3765,7030
3766,6
3767,4
3768,13
3769,8
3770,7030
3771,8
3772,17
3773,2
3774,19
3775,2
3776,7030
3777,1
3778,7030
3779,7030
3780,4486
3781,7030
3782,1
3783,4
3784,8
3785,13
3786,17
3787,13
3788,1
3789,17
3790,6
3791,4
3792,8
3793,2
3794,7030
3795,17
3796,4
3797,4
3798,4486
3799,1
3800,8
3801,4
3802,13
3803,8
3804,2
3805,1
3806,7030
3807,7030
3808,4486
3809,4486
3810,2
3811,1
3812,7030
3813,1
3814,8
3815,4486
3816,17
3817,17
3818,7030
3819,17
3820,1
3821,1
3822,2
3823,0
3824,7030
3825,19
3826,13
3827,7030
3828,17
3829,0
3830,13
3831,7030
3832,4486
3833,2
3834,4486
3835,1
3836,4486
3837,7030
3838,1
3839,17
3840,2
3841,4
3842,2
3843,4
3844,17
3845,17
3846,19
3847,13
3848,17
3849,19
3850,1
3851,8
3852,7030
3853,8
3854,0
3855,4486
3856,1
3857,4
3858,2
3859,4486
3860,4
3861,6
3862,4486
3863,19
3864,17
3865,2
3866,17
3867,8
3868,4486
3869,17
3870,4486
3871,8
3872,17
3873,1
3874,2
3875,4486
3876,17
3877,17
3878,2
3879,1
3880,2
3881,0
3882,7030
3883,4486
3884,17
3885,4486
3886,19
3887,1
3888,4486
3889,0
3890,17
3891,4486
3892,1
3893,8
3894,6
3895,8
3896,2
3897,0
3898,4486
3899,6
3900,6
3901,4486
3902,4486
3903,13
3904,1
3905,4
3906,1
3907,2
3908,4486
3909,4486
3910,4486
3911,17
3912,2
3913,19
3914,17
3915,1
3916,8
3917,17
3918,2
3919,6
3920,2
3921,17
3922,1
3923,2
3924,17
3925,19
3926,13
3927,4486
3928,19
3929,17
3930,19
3931,4
3932,1
3933,13
3934,13
3935,2
3936,8
3937,6
3938,6
3939,2
3940,4486
3941,1
3942,2
3943,6
3944,19
3945,6
3946,4486
3947,19
3948,7030
3949,4486
3950,4486
3951,4486
3952,2
3953,1
3954,6
3955,8
3956,2
3957,7030
3958,17
3959,4
3960,17
3961,17
3962,7030
3963,19
3964,17
3965,7030
3966,19
3967,4486
3968,19
3969,7030
3970,19
3971,2
3972,4486
3973,8
3974,8
3975,4486
3976,13
3977,19
3978,4486
3979,8
3980,17
3981,1
3982,4486
3983,17
3984,1
3985,4
3986,4486
3987,7030
3988,13
3989,4486
3990,17
3991,2
3992,8
3993,0
3994,1
3995,19
3996,4486
3997,4486
3998,4
3999,4486
4000,8
4001,7030
4002,1
4003,19
4004,4486
4005,8
4006,2
4007,4
4008,1
4009,4486
4010,19
4011,4
4012,2
4013,4
4014,6
4015,2
4016,4486
4017,1
4018,17
4019,19
4020,19
4021,7030
4022,7030
4023,7030
4024,2
4025,6
4026,8
4027,13
4028,17
4029,8
4030,17
4031,2
4032,1
4033,13
4034,17
4035,1
4036,2
4037,4486
4038,4486
4039,4
4040,8
4041,6
4042,4486
4043,17
4044,13
4045,4486
4046,2
4047,17
4048,4486
4049,4486
4050,6
4051,4
4052,4486
4053,0
4054,1
4055,4486
4056,1
4057,2
4058,2
4059,7030
4060,2
4061,8
4062,7030
4063,7030
4064,8
4065,17
4066,17
4067,17
4068,17
4069,4486
4070,4486
4071,13
4072,4486
4073,7030
4074,1
4075,2
4076,17
4077,8
4078,17
4079,17
4080,4
4081,17
4082,19
4083,1
4084,7030
4085,6
4086,7030
4087,7030
4088,8
4089,4
4090,8
4091,7030
4092,19
4093,4486
4094,17
4095,2
4096,19
4097,4486
4098,4486
4099,4486
4100,4
4101,4486
4102,0
4103,4486
4104,6
4105,8
4106,4486
4107,17
4108,6
4109,4486
4110,17
4111,7030
4112,4486
4113,17
4114,19
4115,19
4116,13
4117,17
4118,19
4119,1
4120,13
4121,17
4122,4486
4123,4486
4124,0
4125,4486
4126,4
4127,19
4128,1
4129,2
4130,6
4131,19
4132,2
4133,1
4134,4486
4135,13
4136,4486
4137,2
4138,4486
4139,2
4140,4486
4141,0
4142,7030
4143,4
4144,0
4145,4486
4146,8
4147,1
4148,1
4149,19
4150,4486
4151,4486
4152,4486
4153,6
4154,4486
4155,7030
4156,4486
4157,7030
4158,4486
4159,4
4160,1
4161,8
4162,7030
4163,8
4164,7030
4165,1
4166,17
4167,2
4168,4486
4169,1
4170,6
4171,4486
4172,4486
4173,2
4174,0
4175,4486
4176,2
4177,2
4178,4486
4179,4
4180,2
4181,7030
4182,19
4183,13
4184,0
4185,8
4186,17
4187,1
4188,17
4189,7030
4190,2
4191,2
4192,6
4193,6
4194,4486
4195,4
4196,4
4197,17
4198,1
4199,7030
4200,7030
4201,19
4202,19
4203,13
4204,4
4205,4486
4206,4
4207,19
4208,1
4209,4486
4210,4
4211,0
4212,8
4213,19
4214,19
4215,13
4216,17
4217,13
4218,19
4219,4486
4220,6
4221,13
4222,4486
4223,19
4224,17
4225,8
4226,2
4227,6
4228,4486
4229,2
4230,2
4231,4486
4232,0
4233,4486
4234,7030
4235,0
4236,13
4237,17
4238,19
4239,1
4240,2
4241,4
4242,6
4243,13
4244,4486
4245,19
4246,2
4247,2
4248,17
4249,1
4250,17
4251,4486
4252,2
4253,6
4254,4486
4255,19
4256,7030
4257,1
4258,17
4259,2
4260,19
4261,7030
4262,1
4263,8
4264,8
4265,4486
4266,13
4267,19
4268,17
4269,8
4270,13
4271,7030
4272,6
4273,19
4274,17
4275,6
4276,7030
4277,4
4278,2
4279,17
4280,7030
4281,4486
4282,17
4283,0
4284,19
4285,8
4286,7030
4287,4486
4288,6
4289,17
4290,2
4291,2
4292,4486
4293,2
4294,2
4295,4486
4296,4486
4297,4486
4298,0
4299,4486
4300,0
4301,13
4302,4486
4303,17
4304,13
4305,13
4306,4
4307,2
4308,17
4309,0
4310,6
4311,2
4312,2
4313,13
4314,4
4315,4486
4316,4486
4317,2
4318,6
4319,1
4320,8
4321,19
4322,17
4323,4486
4324,4486
4325,7030
4326,0
4327,17
4328,4
4329,6
4330,1
4331,4
4332,8
4333,4486
4334,13
4335,4486
4336,4486
4337,8
4338,4486
4339,4486
4340,19
4341,17
4342,4
4343,4486
4344,4486
4345,4
4346,17
4347,6
4348,1
4349,17
4350,17
4351,17
4352,7030
4353,19
4354,4486
4355,1
4356,17
4357,19
4358,4486
4359,2
4360,2
4361,4486
4362,4486
4363,7030
4364,4486
4365,4486
4366,2
4367,1
4368,2
4369,8
4370,7030
4371,4486
4372,7030
4373,19
4374,4
4375,13
4376,6
4377,2
4378,7030
4379,7030
4380,4
4381,2
4382,8
4383,17
4384,17
4385,19
4386,4
4387,4486
4388,13
4389,4486
4390,6
4391,17
4392,6
4393,13
4394,8
4395,6
4396,4486
4397,4486
4398,1
4399,4486
4400,4486
4401,19
4402,7030
4403,4486
4404,6
4405,0
4406,1
4407,19
4408,8
4409,13
4410,4486
4411,13
4412,13
4413,17
4414,4486
4415,8
4416,4486
4417,19
4418,4486
4419,0
4420,1
4421,6
4422,19
4423,13
4424,4
4425,4
4426,1
4427,17
4428,19
4429,6
4430,1
4431,17
4432,13
4433,7030
4434,1
4435,13
4436,7030
4437,4486
4438,4
4439,6
4440,7030
4441,2
4442,17
4443,2
4444,4486
4445,17
4446,7030
4447,8
4448,7030
4449,19
4450,7030
4451,7030
4452,17
4453,19
4454,8
4455,19
4456,4
4457,8
4458,7030
4459,19
4460,17
4461,19
4462,8
4463,7030
4464,17
4465,17
4466,13
4467,2
4468,4
4469,2
4470,2
4471,13
4472,4
4473,17
4474,17
4475,17
4476,2
4477,4
4478,1
4479,13
4480,17
4481,4486
4482,8
4483,8
4484,0
4485,2
4486,4486
4487,13
4488,4486
4489,4486
4490,4486
4491,17
4492,8
4493,2
4494,17
4495,17
4496,17
4497,4486
4498,19
4499,4486
4500,19
4501,7030
4502,4486
4503,1
4504,17
4505,4486
4506,8
4507,7030
4508,0
4509,17
4510,17
4511,6
4512,4486
4513,4486
4514,1
4515,0
4516,1
4517,4486
4518,1
4519,17
4520,8
4521,2
4522,4486
4523,19
4524,7030
4525,17
4526,7030
4527,17
4528,4486
4529,19
4530,17
4531,6
4532,13
4533,6
4534,1
4535,0
4536,17
4537,2
4538,7030
4539,0
4540,7030
4541,4
4542,4486
4543,8
4544,7030
4545,7030
4546,0
4547,7030
4548,4486
4549,2
4550,1
4551,7030
4552,4
4553,1
4554,17
4555,7030
4556,4
4557,13
4558,0
4559,6
4560,2
4561,17
4562,4486
4563,1
4564,17
4565,17
4566,7030
4567,4
4568,6
4569,13
4570,4486
4571,6
4572,17
4573,19
4574,17
4575,7030
4576,4486
4577,17
4578,4486
4579,1
4580,7030
4581,17
4582,1
4583,19
4584,7030
4585,2
4586,7030
4587,2
4588,8
4589,1
4590,1
4591,6
4592,1
4593,4486
4594,8
4595,19
4596,4486
4597,4486
4598,4486
4599,4486
4600,19
4601,1
4602,7030
4603,4486
4604,1
4605,19
4606,1
4607,1
4608,4486
4609,4486
4610,4486
4611,4486
4612,7030
4613,4486
4614,19
4615,19
4616,17
4617,1
4618,4486
4619,4486
4620,17
4621,4
4622,4486
4623,0
4624,0
4625,17
4626,19
4627,19
4628,8
4629,2
4630,2
4631,7030
4632,17
4633,6
4634,7030
4635,4486
4636,19
4637,17
4638,4486
4639,2
4640,19
4641,4486
4642,7030
4643,4486
4644,13
4645,19
4646,4486
4647,4486
4648,4486
4649,2
4650,19
4651,19
4652,6
4653,4486
4654,17
4655,4486
4656,2
4657,13
4658,6
4659,4
4660,17
4661,6
4662,1
4663,7030
4664,7030
4665,1
4666,1
4667,17
4668,1
4669,19
4670,17
4671,2
4672,1
4673,6
4674,13
4675,4486
4676,4486
4677,17
4678,8
4679,17
4680,7030
4681,4486
4682,2
4683,2
4684,4
4685,19
4686,17
4687,4486
4688,0
4689,8
4690,1
4691,4
4692,1
4693,2
4694,8
4695,17
4696,8
4697,13
4698,6
4699,17
4700,1
4701,4
4702,2
4703,0
4704,19
4705,0
4706,1
4707,17
4708,7030
4709,2
4710,6
4711,6
4712,19
4713,17
4714,19
4715,8
4716,7030
4717,17
4718,17
4719,2
4720,2
4721,1
4722,2
4723,0
4724,13
4725,7030
4726,4486
4727,7030
4728,2
4729,6
4730,7030
4731,17
4732,0
4733,2
4734,2
4735,4486
4736,8
4737,4486
4738,4486
4739,1
4740,0
4741,8
4742,17
4743,4486
4744,4486
4745,7030
4746,19
4747,7030
4748,7030
4749,4486
4750,4486
4751,4486
4752,4486
4753,2
4754,2
4755,4486
4756,7030
4757,4
4758,1
4759,17
4760,1
4761,2
4762,4486
4763,2
4764,6
4765,13
4766,17
4767,2
4768,4486
4769,2
4770,7030
4771,4486
4772,2
4773,4486
4774,19
4775,19
4776,8
4777,19
4778,19
4779,7030
4780,19
4781,7030
4782,7030
4783,6
4784,4
4785,13
4786,17
4787,19
4788,19
4789,7030
4790,7030
4791,17
4792,7030
4793,1
4794,1
4795,13
4796,2
4797,4
4798,4486
4799,4486
4800,7030
4801,17
4802,4486
4803,19
4804,4486
4805,4486
4806,19
4807,4486
4808,4
4809,13
4810,19
4811,7030
4812,19
4813,17
4814,17
4815,7030
4816,7030
4817,7030
4818,4
4819,17
4820,4486
4821,17
4822,4486
4823,4486
4824,19
4825,4
4826,13
4827,13
4828,4
4829,13
4830,4486
4831,7030
4832,2
4833,4
4834,19
4835,6
4836,8
4837,4486
4838,2
4839,4486
4840,4
4841,4486
4842,1
4843,0
4844,4486
4845,2
4846,7030
4847,8
4848,19
4849,2
4850,4
4851,19
4852,7030
4853,8
4854,1
4855,4
4856,13
4857,0
4858,4486
4859,2
4860,13
4861,7030
4862,7030
4863,17
4864,6
4865,17
4866,19
4867,4486
4868,6
4869,17
4870,1
4871,2
4872,1
4873,4486
4874,8
4875,1
4876,19
4877,17
4878,2
4879,7030
4880,8
4881,1
4882,0
4883,6
4884,8
4885,4486
4886,6
4887,2
4888,7030
4889,4486
4890,4486
4891,17
4892,17
4893,17
4894,4486
4895,0
4896,17
4897,13
4898,19
4899,17
4900,17
4901,7030
4902,2
4903,2
4904,13
4905,4
4906,2
4907,4
4908,19
4909,7030
4910,4486
4911,8
4912,17
4913,1
4914,4486
4915,8
4916,4486
4917,0
4918,4486
4919,19
4920,2
4921,7030
4922,2
4923,7030
4924,2
4925,4486
4926,4486
4927,4486
4928,17
4929,1
4930,4486
4931,17
4932,7030
4933,4486
4934,13
4935,7030
4936,4486
4937,4486
4938,1
4939,8
4940,17
4941,4
4942,6
4943,8
4944,17
4945,7030
4946,8
4947,8
4948,1
4949,0
4950,4486
4951,17
4952,1
4953,17
4954,2
4955,2
4956,4
4957,17
4958,2
4959,17
4960,4
4961,0
4962,2
4963,19
4964,13
4965,0
4966,4
4967,2
4968,4486
4969,0
4970,0
4971,17
4972,4486
4973,6
4974,8
4975,6
4976,4486
4977,7030
4978,0
4979,4
4980,7030
4981,17
4982,1
4983,8
4984,4486
4985,13
4986,1
4987,13
4988,8
4989,4486
4990,4486
4991,2
4992,6
4993,6
4994,7030
4995,6
4996,13
4997,19
4998,1
4999,6
5000,8
5001,17
5002,7030
5003,4
5004,6
5005,6
5006,2
5007,17
5008,13
5009,19
5010,4
5011,4
5012,13
5013,4486
5014,6
5015,7030
5016,17
5017,19
5018,8
5019,1
5020,13
5021,4
5022,7030
5023,6
5024,17
5025,4486
5026,7030
5027,4486
5028,8
5029,8
5030,4486
5031,4
5032,6
5033,2
5034,2
5035,4
5036,1
5037,7030
5038,4
5039,2
5040,4486
5041,17
5042,4486
5043,17
5044,4486
5045,4486
5046,4
5047,17
5048,1
5049,6
5050,17
5051,0
5052,1
5053,7030
5054,19
5055,2
5056,4486
5057,0
5058,19
5059,8
5060,7030
5061,17
5062,4486
5063,4486
5064,7030
5065,17
5066,13
5067,4486
5068,4486
5069,4486
5070,13
5071,6
5072,8
5073,2
5074,4486
5075,7030
5076,2
5077,17
5078,19
5079,19
5080,17
5081,19
5082,13
5083,17
5084,4486
5085,7030
5086,19
5087,1
5088,4486
5089,7030
5090,6
5091,19
5092,1
5093,17
5094,6
5095,17
5096,4486
5097,6
5098,19
5099,17
5100,17
5101,4486
5102,4486
5103,17
5104,1
5105,17
5106,0
5107,7030
5108,1
5109,8
5110,4486
5111,2
5112,0
5113,13
5114,17
5115,17
5116,8
5117,19
5118,2
5119,7030
5120,4486
5121,19
5122,13
5123,17
5124,7030
5125,4486
5126,13
5127,17
5128,4486
5129,19
5130,7030
5131,1
5132,4486
5133,7030
5134,17
5135,4486
5136,7030
5137,4
5138,7030
5139,8
5140,13
5141,13
5142,7030
5143,2
5144,4486
5145,17
5146,8
5147,2
5148,2
5149,7030
5150,1
5151,4486
5152,1
5153,17
5154,0
5155,4486
5156,19
5157,6
5158,7030
5159,7030
5160,6
5161,2
5162,8
5163,1
5164,1
5165,4486
5166,4
5167,13
5168,2
5169,4486
5170,13
5171,1
5172,17
5173,6
5174,13
5175,4
5176,0
5177,4
5178,17
5179,19
5180,4
5181,17
5182,17
5183,4
5184,7030
5185,17
5186,1
5187,17
5188,17
5189,6
5190,17
5191,4
5192,6
5193,4486
5194,2
5195,17
5196,6
5197,0
5198,4
5199,0
5200,2
5201,2
5202,4
5203,4486
5204,8
5205,13
5206,2
5207,13
5208,7030
5209,1
5210,13
5211,4486
5212,4486
5213,1
5214,8
5215,13
5216,17
5217,13
5218,4
5219,4486
5220,4486
5221,19
5222,7030
5223,4486
5224,8
5225,4486
5226,17
5227,4486
5228,2
5229,0
5230,7030
5231,4486
5232,4
5233,4486
5234,4486
5235,4486
5236,4486
5237,4486
5238,4486
5239,17
5240,0
5241,0
5242,17
5243,7030
5244,4
5245,2
5246,8
5247,7030
5248,13
5249,6
5250,6
5251,8
5252,4
5253,17
5254,13
5255,6
5256,2
5257,4486
5258,19
5259,4486
5260,4
5261,2
5262,6
5263,8
5264,1
5265,4486
5266,17
5267,1
5268,17
5269,4
5270,7030
5271,4
5272,4
5273,7030
5274,19
5275,2
5276,0
5277,1
5278,0
5279,7030
5280,19
5281,17
5282,4486
5283,8
5284,4486
5285,6
5286,7030
5287,17
5288,7030
5289,4486
5290,4486
5291,7030
5292,19
5293,13
5294,17
5295,4486
5296,4486
5297,4486
5298,19
5299,17
5300,4486
5301,2
5302,4
5303,19
5304,19
5305,2
5306,1
5307,13
5308,1
5309,8
5310,4
5311,2
5312,2
5313,17
5314,1
5315,2
5316,13
5317,4
5318,7030
5319,4486
5320,1
5321,4486
5322,19
5323,4486
5324,4486
5325,7030
5326,8
5327,17
5328,4486
5329,1
5330,1
5331,13
5332,4
5333,1
5334,4486
5335,0
5336,17
5337,4486
5338,4486
5339,17
5340,17
5341,4486
5342,17
5343,4486
5344,4486
5345,4486
5346,8
5347,19
5348,17
5349,4486
5350,4486
5351,4486
5352,4486
5353,4486
5354,4486
5355,17
5356,4486
5357,4486
5358,0
5359,19
5360,19
5361,4486
5362,4486
5363,17
5364,7030
5365,4
5366,4486
5367,17
5368,4486
5369,2
5370,17
5371,8
5372,2
5373,4
5374,13
5375,19
5376,2
5377,0
5378,4486
5379,17
5380,7030
5381,2
5382,19
5383,8
5384,17
5385,1
5386,4486
5387,2
5388,0
5389,6
5390,7030
5391,4
5392,7030
5393,13
5394,6
5395,2
5396,13
5397,13
5398,2
5399,4486
5400,4
5401,6
5402,4486
5403,6
5404,6
5405,6
5406,7030
5407,17
5408,2
5409,17
5410,19
5411,4
5412,13
5413,7030
5414,7030
5415,19
5416,0
5417,13
5418,4486
5419,0
5420,19
5421,0
5422,7030
5423,1
5424,1
5425,4486
5426,1
5427,17
5428,1
5429,1
5430,4
5431,2
5432,4
5433,8
5434,4486
5435,8
5436,4486
5437,13
5438,7030
5439,4
5440,8
5441,17
5442,2
5443,6
5444,1
5445,2
5446,6
5447,8
5448,7030
5449,2
5450,2
5451,4486
5452,19
5453,17
5454,4486
5455,17
5456,17
5457,6
5458,2
5459,4486
5460,4486
5461,2
5462,4
5463,0
5464,19
5465,19
5466,8
5467,4
5468,13
5469,7030
5470,2
5471,2
5472,4
5473,19
5474,7030
5475,2
5476,13
5477,2
5478,6
5479,2
5480,8
5481,19
5482,17
5483,6
5484,4486
5485,2
5486,4
5487,4486
5488,4
5489,4
5490,4486
5491,19
5492,8
5493,4486
5494,17
5495,17
5496,4486
5497,13
5498,13
5499,2
5500,4486
5501,4486
5502,2
5503,4486
5504,8
5505,17
5506,19
5507,6
5508,1
5509,7030
5510,1
5511,2
5512,19
5513,17
5514,1
5515,7030
5516,17
5517,17
5518,13
5519,4486
5520,1
5521,2
5522,4486
5523,2
5524,2
5525,6
5526,1
5527,0
5528,0
5529,2
5530,4486
5531,4486
5532,0
5533,13
5534,8
5535,0
5536,8
5537,4486
5538,7030
5539,7030
5540,0
5541,4486
5542,4
5543,7030
5544,2
5545,17
5546,8
5547,4
5548,8
5549,8
5550,4486
5551,8
5552,2
5553,7030
5554,13
5555,4486
5556,1
5557,7030
5558,4486
5559,19
5560,1
5561,7030
5562,4486
5563,7030
5564,6
5565,1
5566,4486
5567,17
5568,4486
5569,2
5570,4
5571,6
5572,7030
5573,6
5574,13
5575,7030
5576,7030
5577,19
5578,19
5579,2
5580,7030
5581,13
5582,2
5583,8
5584,19
5585,7030
5586,13
5587,7030
5588,4
5589,8
5590,1
5591,17
5592,7030
5593,7030
5594,17
5595,2
5596,4486
5597,4486
5598,1
5599,6
5600,4486
5601,0
5602,7030
5603,4
5604,1
5605,8
5606,4486
5607,17
5608,1
5609,17
5610,4486
5611,19
5612,1
5613,1
5614,2
5615,2
5616,19
5617,1
5618,2
5619,19
5620,2
5621,6
5622,8
5623,8
5624,17
5625,2
5626,2
5627,17
5628,2
5629,4486
5630,13
5631,2
5632,13
5633,4486
5634,2
5635,0
5636,1
5637,2
5638,2
5639,6
5640,6
5641,7030
5642,17
5643,4486
5644,1
5645,4
5646,6
5647,4486
5648,17
5649,4486
5650,7030
5651,4486
5652,0
5653,2
5654,2
5655,4
5656,13
5657,4
5658,6
5659,0
5660,6
5661,1
5662,0
5663,4
5664,1
5665,2
5666,2
5667,4486
5668,19
5669,7030
5670,4486
5671,4486
5672,0
5673,19
5674,2
5675,4486
5676,8
5677,8
5678,17
5679,8
5680,4486
5681,7030
5682,4
5683,6
5684,17
5685,7030
5686,8
5687,13
5688,4
5689,17
5690,19
5691,17
5692,7030
5693,17
5694,4486
5695,2
5696,7030
5697,2
5698,1
5699,6
5700,19
5701,19
5702,4486
5703,4486
5704,7030
5705,4486
5706,1
5707,1
5708,19
5709,4486
5710,0
5711,0
5712,1
5713,4486
5714,2
5715,4486
5716,2
5717,4486
5718,8
5719,17
5720,17
5721,0
5722,4486
5723,6
5724,4486
5725,4486
5726,17
5727,17
5728,17
5729,17
5730,4486
5731,19
5732,4
5733,7030
5734,4
5735,8
5736,8
5737,2
5738,13
5739,17
5740,0
5741,4486
5742,8
5743,19
5744,6
5745,6
5746,19
5747,4
5748,4486
5749,2
5750,6
5751,4486
5752,2
5753,1
5754,4486
5755,4486
5756,17
5757,19
5758,2
5759,17
5760,17
5761,7030
5762,2
5763,7030
5764,6
5765,6
5766,13
5767,17
5768,4
5769,1
5770,8
5771,19
5772,0
5773,6
5774,6
5775,17
5776,4486
5777,17
5778,2
5779,8
5780,6
5781,17
5782,6
5783,4486
5784,4486
5785,4486
5786,19
5787,17
5788,8
5789,13
5790,7030
5791,7030
5792,4486
5793,19
5794,8
5795,7030
5796,4486
5797,4486
5798,6
5799,19
5800,19
5801,19
5802,8
5803,13
5804,8
5805,8
5806,1
5807,2
5808,6
5809,4486
5810,13
5811,2
5812,1
5813,1
5814,4
5815,4486
5816,17
5817,2
5818,4486
5819,8
5820,4486
5821,4
5822,1
5823,2
5824,1
5825,19
5826,4
5827,2
5828,0
5829,19
5830,19
5831,1
5832,2
5833,7030
5834,17
5835,2
5836,6
5837,17
5838,4
5839,2
5840,17
5841,8
5842,7030
5843,7030
5844,19
5845,1
5846,8
5847,17
5848,0
5849,4486
5850,4486
5851,4486
5852,6
5853,13
5854,17
5855,2
5856,17
5857,4486
5858,4486
5859,17
5860,8
5861,1
5862,17
5863,6
5864,4486
5865,4
5866,4
5867,17
5868,17
5869,0
5870,13
5871,19
5872,4486
5873,7030
5874,17
5875,17
5876,6
5877,19
5878,1
5879,2
5880,19
5881,1
5882,8
5883,1
5884,4486
5885,4486
5886,0
5887,4486
5888,19
5889,2
5890,6
5891,2
5892,7030
5893,2
5894,4486
5895,17
5896,4486
5897,2
5898,0
5899,6
5900,2
5901,17
5902,0
5903,4486
5904,2
5905,17
5906,19
5907,1
5908,1
5909,8
5910,1
5911,8
5912,1
5913,19
5914,4486
5915,1
5916,7030
5917,6
5918,4486
5919,1
5920,4
5921,6
5922,1
5923,17
5924,4486
5925,8
5926,6
5927,13
5928,1
5929,2
5930,1
5931,2
5932,2
5933,2
5934,6
5935,2
5936,7030
5937,7030
5938,4486
5939,19
5940,17
5941,7030
5942,0
5943,2
5944,19
5945,0
5946,6
5947,8
5948,19
5949,1
5950,4486
5951,1
5952,2
5953,4486
5954,7030
5955,4
5956,13
5957,6
5958,4486
5959,4486
5960,4
5961,2
5962,4
5963,4486
5964,2
5965,6
5966,2
5967,0
5968,4
5969,7030
5970,17
5971,4486
5972,4486
5973,17
5974,8
5975,8
5976,8
5977,4486
5978,4486
5979,4486
5980,7030
5981,4486
5982,19
5983,17
5984,19
5985,6
5986,6
5987,4486
5988,17
5989,1
5990,17
5991,0
5992,2
5993,1
5994,0
5995,8
5996,4
5997,19
5998,13
5999,7030
6000,2
6001,1
6002,7030
6003,8
6004,6
6005,4486
6006,2
6007,7030
6008,6
6009,13
6010,7030
6011,13
6012,4
6013,4486
6014,17
6015,0
6016,8
6017,17
6018,4
6019,13
6020,6
6021,1
6022,13
6023,4486
6024,8
6025,8
6026,13
6027,7030
6028,1
6029,4486
6030,2
6031,17
6032,17
6033,2
6034,1
6035,4486
6036,7030
6037,7030
6038,7030
6039,17
6040,6
6041,19
6042,1
6043,4486
6044,4
6045,17
6046,6
6047,0
6048,4
6049,7030
6050,6
6051,2
6052,13
6053,4486
6054,2
6055,1
6056,4486
6057,19
6058,2
6059,19
6060,8
6061,17
6062,2
6063,4
6064,17
6065,4486
6066,4486
6067,4486
6068,4486
6069,17
6070,4486
6071,7030
6072,7030
6073,1
6074,4486
6075,4486
6076,4486
6077,4486
6078,13
6079,17
6080,4486
6081,4
6082,4486
6083,17
6084,7030
6085,4486
6086,4
6087,8
6088,1
6089,0
6090,13
6091,7030
6092,4486
6093,7030
6094,17
6095,4486
6096,4486
6097,4486
6098,4486
6099,4
6100,2
6101,8
6102,2
6103,2
6104,1
6105,2
6106,4486
6107,8
6108,4
6109,19
6110,2
6111,4486
6112,1
6113,4486
6114,7030
6115,1
6116,19
6117,7030
6118,2
6119,19
6120,6
6121,4486
6122,7030
6123,19
6124,4486
6125,4
6126,7030
6127,7030
6128,7030
6129,6
6130,13
6131,4486
6132,1
6133,1
6134,1
6135,4486
6136,4486
6137,2
6138,6
6139,7030
6140,17
6141,8
6142,17
6143,17
6144,7030
6145,13
6146,1
6147,4486
6148,17
6149,4486
6150,4486
6151,2
6152,17
6153,19
6154,19
6155,1
6156,2
6157,1
6158,17
6159,2
6160,6
6161,1
6162,1
6163,6
6164,4486
6165,1
6166,4486
6167,17
6168,19
6169,1
6170,4
6171,19
6172,17
6173,19
6174,13
6175,0
6176,0
6177,7030
6178,2
6179,6
6180,6
6181,17
6182,7030
6183,0
6184,4486
6185,2
6186,2
6187,4
6188,8
6189,6
6190,19
6191,19
6192,4
6193,4486
6194,8
6195,17
6196,6
6197,13
6198,2
6199,7030
6200,6
6201,7030
6202,7030
6203,17
6204,7030
6205,7030
6206,7030
6207,13
6208,7030
6209,17
6210,4486
6211,7030
6212,4486
6213,6
6214,17
6215,19
6216,19
6217,6
6218,19
6219,7030
6220,4486
6221,0
6222,4486
6223,1
6224,7030
6225,6
6226,7030
6227,4486
6228,4486
6229,8
6230,4
6231,19
6232,2
6233,4486
6234,13
6235,8
6236,7030
6237,1
6238,4486
6239,1
6240,17
6241,0
6242,8
6243,1
6244,19
6245,2
6246,13
6247,13
6248,7030
6249,4486
6250,17
6251,17
6252,2
6253,7030
6254,1
6255,6
6256,6
6257,2
6258,19
6259,2
6260,19
6261,8
6262,17
6263,4
6264,17
6265,4
6266,19
6267,4486
6268,4
6269,4486
6270,4486
6271,4486
6272,8
6273,7030
6274,17
6275,19
6276,4
6277,4486
6278,17
6279,4
6280,1
6281,4486
6282,19
6283,0
6284,1
6285,6
6286,13
6287,4
6288,19
6289,4486
6290,8
6291,19
6292,4486
6293,4
6294,6
6295,4486
6296,6
6297,17
6298,6
6299,0
6300,0
6301,8
6302,1
6303,1
6304,4486
6305,6
6306,4486
6307,2
6308,2
6309,17
6310,2
6311,7030
6312,13
6313,8
6314,1
6315,13
6316,4486
6317,6
6318,4
6319,7030
6320,7030
6321,4486
6322,4486
6323,4486
6324,7030
6325,6
6326,17
6327,17
6328,13
6329,2
6330,17
6331,1
6332,17
6333,13
6334,4486
6335,1
6336,19
6337,7030
6338,13
6339,1
6340,17
6341,13
6342,6
6343,6
6344,4486
6345,1
6346,0
6347,1
6348,13
6349,1
6350,4
6351,7030
6352,13
6353,0
6354,6
6355,7030
6356,17
6357,7030
6358,1
6359,1
6360,4486
6361,2
6362,2
6363,17
6364,4486
6365,7030
6366,4
6367,4486
6368,13
6369,13
6370,8
6371,7030
6372,17
6373,1
6374,6
6375,4
6376,4486
6377,17
6378,6
6379,4486
6380,4
6381,2
6382,6
6383,1
6384,4486
6385,19
6386,17
6387,4486
6388,4486
6389,17
6390,1
6391,4486
6392,7030
6393,13
6394,7030
6395,4486
6396,4486
6397,4486
6398,4486
6399,4486
6400,7030
6401,4486
6402,7030
6403,7030
6404,4486
6405,8
6406,17
6407,7030
6408,4
6409,4486
6410,17
6411,2
6412,19
6413,13
6414,4486
6415,8
6416,4
6417,19
6418,6
6419,0
6420,4486
6421,4486
6422,4486
6423,4486
6424,1
6425,2
6426,4486
6427,1
6428,4486
6429,7030
6430,4
6431,6
6432,6
6433,0
6434,17
6435,2
6436,6
6437,17
6438,6
6439,0
6440,19
6441,8
6442,0
6443,17
6444,6
6445,7030
6446,7030
6447,2
6448,0
6449,4486
6450,4486
6451,19
6452,2
6453,8
6454,17
6455,2
6456,8
6457,6
6458,13
6459,17
6460,1
6461,19
6462,1
6463,4486
6464,1
6465,4486
6466,1
6467,7030
6468,7030
6469,13
6470,4486
6471,2
6472,4
6473,6
6474,8
6475,4486
6476,4486
6477,2
6478,7030
6479,2
6480,17
6481,1
6482,17
6483,2
6484,4486
6485,19
6486,6
6487,13
6488,19
6489,4486
6490,19
6491,13
6492,8
6493,7030
6494,4
6495,8
6496,2
6497,4
6498,7030
6499,1
6500,17
6501,17
6502,17
6503,4486
6504,6
6505,7030
6506,1
6507,19
6508,19
6509,17
6510,1
6511,2
6512,6
6513,19
6514,7030
6515,17
6516,13
6517,13
6518,2
6519,13
6520,6
6521,6
6522,4486
6523,1
6524,8
6525,17
6526,4
6527,13
6528,1
6529,6
6530,13
6531,2
6532,8
6533,17
6534,8
6535,4486
6536,4486
6537,17
6538,1
6539,4486
6540,13
6541,0
6542,13
6543,2
6544,13
6545,19
6546,1
6547,8
6548,0
6549,2
6550,17
6551,7030
6552,4
6553,17
6554,1
6555,2
6556,4486
6557,17
6558,8
6559,8
6560,4486
6561,4486
6562,1
6563,1
6564,1
6565,2
6566,4486
6567,2
6568,7030
6569,2
6570,1
6571,1
6572,4486
6573,7030
6574,4486
6575,4486
6576,4486
6577,4486
6578,4486
6579,4486
6580,1
6581,17
6582,4486
6583,7030
6584,6
6585,8
6586,4
6587,4486
6588,19
6589,1
6590,17
6591,8
6592,8
6593,4486
6594,17
6595,1
6596,4
6597,6
6598,2
6599,2
6600,4486
6601,19
6602,17
6603,6
6604,6
6605,4486
6606,8
6607,4486
6608,6
6609,4486
6610,19
6611,2
6612,4486
6613,2
6614,4486
6615,4486
6616,0
6617,2
6618,0
6619,17
6620,4486
6621,1
6622,1
6623,1
6624,19
6625,8
6626,0
6627,19
6628,2
6629,1
6630,7030
6631,6
6632,4486
6633,13
6634,4486
6635,4
6636,17
6637,2
6638,8
6639,6
6640,19
6641,17
6642,4
6643,17
6644,8
6645,17
6646,2
6647,4486
6648,6
6649,2
6650,8
6651,2
6652,4486
6653,6
6654,1
6655,8
6656,7030
6657,17
6658,1
6659,4486
6660,17
6661,7030
6662,6
6663,7030
6664,4486
6665,4
6666,8
6667,2
6668,4
6669,8
6670,8
6671,8
6672,19
6673,17
6674,17
6675,17
6676,7030
6677,1
6678,19
6679,1
6680,2
6681,1
6682,7030
6683,8
6684,6
6685,19
6686,4486
6687,19
6688,19
6689,6
6690,2
6691,4486
6692,1
6693,4486
6694,4486
6695,4
6696,17
6697,17
6698,17
6699,0
6700,1
6701,6
6702,4
6703,13
6704,2
6705,2
6706,8
6707,2
6708,13
6709,8
6710,6
6711,4
6712,2
6713,2
6714,4486
6715,1
6716,4486
6717,2
6718,6
6719,19
6720,19
6721,0
6722,6
6723,19
6724,7030
6725,8
6726,13
6727,19
6728,19
6729,13
6730,17
6731,6
6732,4486
6733,2
6734,4486
6735,4486
6736,7030
6737,0
6738,1
6739,4486
6740,8
6741,7030
6742,7030
6743,1
6744,8
6745,4
6746,17
6747,4486
6748,4486
6749,1
6750,4486
6751,7030
6752,6
6753,7030
6754,8
6755,17
6756,8
6757,13
6758,4
6759,2
6760,7030
6761,2
6762,2
6763,4486
6764,13
6765,7030
6766,4486
6767,4
6768,17
6769,6
6770,1
6771,2
6772,17
6773,2
6774,2
6775,2
6776,13
6777,0
6778,13
6779,8
6780,2
6781,17
6782,6
6783,6
6784,19
6785,13
6786,4486
6787,0
6788,2
6789,4
6790,2
6791,4486
6792,8
6793,1
6794,17
6795,1
6796,2
6797,2
6798,13
6799,4486
6800,2
6801,7030
6802,13
6803,1
6804,4
6805,7030
6806,17
6807,17
6808,6
6809,4486
6810,7030
6811,2
6812,17
6813,7030
6814,4
6815,13
6816,4486
6817,8
6818,4486
6819,4486
6820,8
6821,8
6822,1
6823,2
6824,17
6825,8
6826,1
6827,17
6828,4486
6829,17
6830,1
6831,1
6832,7030
6833,17
6834,2
6835,6
6836,8
6837,4486
6838,7030
6839,4486
6840,19
6841,4486
6842,8
6843,2
6844,17
6845,6
6846,0
6847,4486
6848,4
6849,0
6850,8
6851,17
6852,19
6853,2
6854,17
6855,7030
6856,4486
6857,0
6858,4
6859,7030
6860,6
6861,17
6862,19
6863,1
6864,7030
6865,19
6866,13
6867,19
6868,8
6869,2
6870,1
6871,17
6872,6
6873,13
6874,4
6875,6
6876,7030
6877,6
6878,17
6879,2
6880,4486
6881,4486
6882,4486
6883,19
6884,1
6885,17
6886,6
6887,6
6888,2
6889,13
6890,6
6891,4
6892,19
6893,2
6894,2
6895,6
6896,4486
6897,13
6898,17
6899,1
6900,8
6901,4486
6902,19
6903,8
6904,6
6905,4486
6906,13
6907,2
6908,17
6909,2
6910,4486
6911,19
6912,19
6913,1
6914,19
6915,8
6916,4486
6917,1
6918,7030
6919,1
6920,19
6921,13
6922,13
6923,8
6924,4486
6925,7030
6926,4486
6927,0
6928,19
6929,1
6930,19
6931,13
6932,19
6933,6
6934,19
6935,4
6936,6
6937,19
6938,6
6939,4
6940,17
6941,7030
6942,17
6943,6
6944,4486
6945,8
6946,7030
6947,4486
6948,1
6949,4486
6950,4486
6951,8
6952,4486
6953,13
6954,7030
6955,8
6956,6
6957,19
6958,7030
6959,4486
6960,6
6961,8
6962,2
6963,4486
6964,6
6965,17
6966,1
6967,4486
6968,0
6969,4486
6970,2
6971,19
6972,6
6973,7030
6974,2
6975,4486
6976,4486
6977,6
6978,2
6979,13
6980,4486
6981,8
6982,7030
6983,13
6984,6
6985,8
6986,13
6987,13
6988,19
6989,0
6990,1
6991,17
6992,17
6993,8
6994,17
6995,8
6996,2
6997,7030
6998,0
6999,4486
7000,6
7001,4486
7002,8
7003,17
7004,4486
7005,1
7006,2
7007,4
7008,0
7009,13
7010,7030
7011,2
7012,13
7013,17
7014,19
7015,1
7016,4486
7017,8
7018,2
7019,1
7020,4
7021,19
7022,2
7023,19
7024,19
7025,8
7026,2
7027,4
7028,17
7029,2
7030,4486
7031,4486
7032,4486
7033,8
7034,6
7035,4486
7036,4
7037,7030
7038,4486
7039,4486
7040,4486
7041,17
7042,4
7043,7030
7044,17
7045,17
7046,13
7047,19
7048,1
7049,19
